{"cameraMode":{"drawMode":0,"name":"Shaded","section":"Shading Mode"},"sceneLighting":true,"audioPlay":false,"sceneViewState":{"showFog":true,"showMaterialUpdate":false,"showSkybox":true,"showFlares":true,"showImageEffects":true,"showParticleSystems":true},"in2DMode":false,"pivot":{"x":21.721590042114259,"y":0.12410926818847656,"z":5.948530197143555},"rotation":{"x":0.08561717718839646,"y":0.8034505844116211,"z":-0.11921966075897217,"w":0.576995313167572},"size":62.93888473510742,"orthographic":false}