{"cameraMode":{"drawMode":0,"name":"Shaded","section":"Shading Mode"},"sceneLighting":true,"audioPlay":false,"sceneViewState":{"showFog":true,"showMaterialUpdate":false,"showSkybox":true,"showFlares":true,"showImageEffects":true,"showParticleSystems":true},"in2DMode":false,"pivot":{"x":-5.063200950622559,"y":3.0766730308532717,"z":5.635202884674072},"rotation":{"x":-0.08152088522911072,"y":0.8152453899383545,"z":-0.11847131699323654,"w":-0.5609758496284485},"size":19.35282325744629,"orthographic":false}