{"cameraMode":{"drawMode":0,"name":"Shaded","section":"Shading Mode"},"sceneLighting":false,"audioPlay":false,"sceneViewState":{"showFog":true,"showMaterialUpdate":false,"showSkybox":true,"showFlares":true,"showImageEffects":true,"showParticleSystems":true},"in2DMode":false,"pivot":{"x":534.2122192382813,"y":265.7174377441406,"z":31.2060546875},"rotation":{"x":-0.01530853658914566,"y":-0.008401300758123398,"z":0.00012858422996941954,"w":-0.9998475313186646},"size":715.3712768554688,"orthographic":false}