{"cameraMode":{"drawMode":0,"name":"Shaded","section":"Shading Mode"},"sceneLighting":true,"audioPlay":false,"sceneViewState":{"showFog":true,"showMaterialUpdate":false,"showSkybox":true,"showFlares":true,"showImageEffects":true,"showParticleSystems":true},"in2DMode":false,"pivot":{"x":624.0971069335938,"y":245.7890625,"z":85.32892608642578},"rotation":{"x":-0.0045046149753034119,"y":0.010224368423223496,"z":-0.0000457457426819019,"w":-0.9999376535415649},"size":1432.9664306640625,"orthographic":true}