{"cameraMode":{"drawMode":0,"name":"Shaded","section":"Shading Mode"},"sceneLighting":true,"audioPlay":false,"sceneViewState":{"showFog":true,"showMaterialUpdate":false,"showSkybox":true,"showFlares":true,"showImageEffects":true,"showParticleSystems":true},"in2DMode":false,"pivot":{"x":-6.56807804107666,"y":7.681577682495117,"z":-12.120864868164063},"rotation":{"x":-0.18706229329109193,"y":-0.15225373208522798,"z":0.029345663264393808,"w":-0.9700337052345276},"size":23.263397216796876,"orthographic":false}