{"cameraMode":{"drawMode":0,"name":"Shaded","section":"Shading Mode"},"sceneLighting":false,"audioPlay":false,"sceneViewState":{"showFog":true,"showMaterialUpdate":false,"showSkybox":true,"showFlares":true,"showImageEffects":true,"showParticleSystems":true},"in2DMode":false,"pivot":{"x":0.0,"y":0.8798462152481079,"z":0.10982224345207215},"rotation":{"x":-0.19559736549854279,"y":-0.5377242565155029,"z":0.12987257540225984,"w":-0.8097699880599976},"size":4.072964668273926,"orthographic":false}