{"cameraMode":{"drawMode":0,"name":"Shaded","section":"Shading Mode"},"sceneLighting":false,"audioPlay":false,"sceneViewState":{"showFog":true,"showMaterialUpdate":false,"showSkybox":true,"showFlares":true,"showImageEffects":true,"showParticleSystems":true},"in2DMode":false,"pivot":{"x":5.139516830444336,"y":0.9230085611343384,"z":0.0},"rotation":{"x":0.13219039142131806,"y":0.8348086476325989,"z":-0.22833354771137238,"w":0.4832019507884979},"size":3.6090190410614015,"orthographic":false}