{"cameraMode":{"drawMode":0,"name":"Shaded","section":"Shading Mode"},"sceneLighting":false,"audioPlay":false,"sceneViewState":{"showFog":true,"showMaterialUpdate":false,"showSkybox":true,"showFlares":true,"showImageEffects":true,"showParticleSystems":true},"in2DMode":false,"pivot":{"x":0.012047052383422852,"y":-0.4081946611404419,"z":0.20927536487579347},"rotation":{"x":0.06129469349980354,"y":-0.9146730303764343,"z":0.3695841431617737,"w":0.15173590183258058},"size":3.4871068000793459,"orthographic":false}