{"cameraMode":{"drawMode":0,"name":"Shaded","section":"Shading Mode"},"sceneLighting":true,"audioPlay":false,"sceneViewState":{"showFog":true,"showMaterialUpdate":false,"showSkybox":true,"showFlares":true,"showImageEffects":true,"showParticleSystems":true},"in2DMode":false,"pivot":{"x":12.370553970336914,"y":0.1786675751209259,"z":-9.820878982543946},"rotation":{"x":0.20972414314746858,"y":0.5377480387687683,"z":-0.14015544950962068,"w":0.8044869303703308},"size":46.53303146362305,"orthographic":false}