{"cameraMode":{"drawMode":0,"name":"Shaded","section":"Shading Mode"},"sceneLighting":false,"audioPlay":false,"sceneViewState":{"showFog":true,"showMaterialUpdate":false,"showSkybox":true,"showFlares":true,"showImageEffects":true,"showParticleSystems":true},"in2DMode":false,"pivot":{"x":-0.06006266549229622,"y":-0.07649972289800644,"z":-0.03400583192706108},"rotation":{"x":-0.1127689927816391,"y":-0.8393685817718506,"z":0.19081471860408784,"w":-0.4963196814060211},"size":3.4021849632263185,"orthographic":false}