{"cameraMode":{"drawMode":0,"name":"Shaded","section":"Shading Mode"},"sceneLighting":true,"audioPlay":false,"sceneViewState":{"showFog":true,"showMaterialUpdate":false,"showSkybox":true,"showFlares":true,"showImageEffects":true,"showParticleSystems":true},"in2DMode":false,"pivot":{"x":0.9084533452987671,"y":-4.554070949554443,"z":9.50490665435791},"rotation":{"x":0.22006970643997193,"y":0.031012266874313356,"z":-0.0070001790300011639,"w":0.9749659895896912},"size":20.50790786743164,"orthographic":false}