{"cameraMode":{"drawMode":0,"name":"Shaded","section":"Shading Mode"},"sceneLighting":true,"audioPlay":false,"sceneViewState":{"showFog":true,"showMaterialUpdate":false,"showSkybox":true,"showFlares":true,"showImageEffects":true,"showParticleSystems":true},"in2DMode":false,"pivot":{"x":5.917220115661621,"y":0.29963254928588869,"z":-1.5853748321533204},"rotation":{"x":0.271772176027298,"y":0.12114213407039643,"z":-0.03451213613152504,"w":0.9540824890136719},"size":17.348304748535158,"orthographic":true}