{"cameraMode":{"drawMode":0,"name":"Shaded","section":"Shading Mode"},"sceneLighting":true,"audioPlay":false,"sceneViewState":{"showFog":true,"showMaterialUpdate":false,"showSkybox":true,"showFlares":true,"showImageEffects":true,"showParticleSystems":true},"in2DMode":false,"pivot":{"x":-1.8932647705078126,"y":0.75,"z":9.801887512207032},"rotation":{"x":-0.16314147412776948,"y":0.5730485320091248,"z":-0.11762241274118424,"w":-0.7944591045379639},"size":14.695991516113282,"orthographic":false}