{"cameraMode":{"drawMode":0,"name":"Shaded","section":"Shading Mode"},"sceneLighting":true,"audioPlay":false,"sceneViewState":{"showFog":true,"showMaterialUpdate":false,"showSkybox":true,"showFlares":true,"showImageEffects":true,"showParticleSystems":true},"in2DMode":false,"pivot":{"x":5.917220115661621,"y":0.29963254928588869,"z":-1.5853748321533204},"rotation":{"x":0.1594758927822113,"y":0.1477714627981186,"z":-0.024155497550964357,"w":0.9757805466651917},"size":16.048194885253908,"orthographic":true}