{"cameraMode":{"drawMode":0,"name":"Shaded","section":"Shading Mode"},"sceneLighting":false,"audioPlay":false,"sceneViewState":{"showFog":true,"showMaterialUpdate":false,"showSkybox":true,"showFlares":true,"showImageEffects":true,"showParticleSystems":true},"in2DMode":false,"pivot":{"x":-0.19774600863456727,"y":0.7925780415534973,"z":0.8222047090530396},"rotation":{"x":-0.2906351089477539,"y":-0.3502829968929291,"z":0.11529260128736496,"w":-0.8829160332679749},"size":2.572964906692505,"orthographic":false}