{"cameraMode":{"drawMode":0,"name":"Shaded","section":"Shading Mode"},"sceneLighting":true,"audioPlay":false,"sceneViewState":{"showFog":true,"showMaterialUpdate":false,"showSkybox":true,"showFlares":true,"showImageEffects":true,"showParticleSystems":true},"in2DMode":false,"pivot":{"x":-3.6131787300109865,"y":-7.240365982055664,"z":-5.350583076477051},"rotation":{"x":-0.21936556696891786,"y":-0.31521540880203249,"z":0.07511431723833084,"w":-0.920258641242981},"size":72.57860565185547,"orthographic":false}