{"cameraMode":{"drawMode":0,"name":"Shaded","section":"Shading Mode"},"sceneLighting":true,"audioPlay":false,"sceneViewState":{"showFog":true,"showMaterialUpdate":false,"showSkybox":true,"showFlares":true,"showImageEffects":true,"showParticleSystems":true},"in2DMode":false,"pivot":{"x":-0.37569475173950198,"y":2.5143303871154787,"z":-0.6051993370056152},"rotation":{"x":-0.04886012151837349,"y":0.9493036270141602,"z":-0.2477734386920929,"w":-0.18719987571239472},"size":5.107395172119141,"orthographic":false}