{"cameraMode":{"drawMode":0,"name":"Shaded","section":"Shading Mode"},"sceneLighting":false,"audioPlay":false,"sceneViewState":{"showFog":true,"showMaterialUpdate":false,"showSkybox":true,"showFlares":true,"showImageEffects":true,"showParticleSystems":true},"in2DMode":false,"pivot":{"x":5.139516830444336,"y":0.9278702735900879,"z":-0.008031360805034638},"rotation":{"x":0.15737006068229676,"y":0.839290976524353,"z":-0.3248838782310486,"w":0.40654128789901736},"size":3.7540316581726076,"orthographic":true}