{"cameraMode":{"drawMode":0,"name":"Shaded","section":"Shading Mode"},"sceneLighting":false,"audioPlay":false,"sceneViewState":{"showFog":true,"showMaterialUpdate":false,"showSkybox":true,"showFlares":true,"showImageEffects":true,"showParticleSystems":true},"in2DMode":false,"pivot":{"x":-39.3790283203125,"y":40.64985656738281,"z":-16.13833236694336},"rotation":{"x":0.19229111075401307,"y":0.7237038612365723,"z":-0.2229606807231903,"w":0.6241517663002014},"size":3.1805384159088136,"orthographic":false}