{"cameraMode":{"drawMode":0,"name":"Shaded","section":"Shading Mode"},"sceneLighting":false,"audioPlay":false,"sceneViewState":{"showFog":true,"showMaterialUpdate":false,"showSkybox":true,"showFlares":true,"showImageEffects":true,"showParticleSystems":true},"in2DMode":false,"pivot":{"x":374.15325927734377,"y":298.4931335449219,"z":29.83770751953125},"rotation":{"x":0.21458613872528077,"y":0.019039953127503396,"z":-0.004183949436992407,"w":0.9765105247497559},"size":773.0554809570313,"orthographic":false}