{"cameraMode":{"drawMode":0,"name":"Shaded","section":"Shading Mode"},"sceneLighting":true,"audioPlay":false,"sceneViewState":{"showFog":true,"showMaterialUpdate":false,"showSkybox":true,"showFlares":true,"showImageEffects":true,"showParticleSystems":true},"in2DMode":false,"pivot":{"x":14.855222702026368,"y":0.9230086207389832,"z":5.269999980926514},"rotation":{"x":-0.04303532466292381,"y":0.8989736437797546,"z":-0.4263325035572052,"w":-0.09074698388576508},"size":90.39225769042969,"orthographic":true}