{"cameraMode":{"drawMode":0,"name":"Shaded","section":"Shading Mode"},"sceneLighting":false,"audioPlay":false,"sceneViewState":{"showFog":true,"showMaterialUpdate":false,"showSkybox":true,"showFlares":true,"showImageEffects":true,"showParticleSystems":true},"in2DMode":false,"pivot":{"x":0.1796843707561493,"y":0.9376423954963684,"z":2.624945640563965},"rotation":{"x":0.0025641480460762979,"y":0.9965847730636597,"z":-0.07521829754114151,"w":0.03397751972079277},"size":1.9490106105804444,"orthographic":false}