{"cameraMode":{"drawMode":0,"name":"Shaded","section":"Shading Mode"},"sceneLighting":false,"audioPlay":false,"sceneViewState":{"showFog":true,"showMaterialUpdate":false,"showSkybox":true,"showFlares":true,"showImageEffects":true,"showParticleSystems":true},"in2DMode":false,"pivot":{"x":490.2967529296875,"y":167.43569946289063,"z":-12.1265869140625},"rotation":{"x":0.07970487326383591,"y":0.02242204360663891,"z":-0.0017932672053575516,"w":0.9965646862983704},"size":1800.7860107421875,"orthographic":false}