{"cameraMode":{"drawMode":0,"name":"Shaded","section":"Shading Mode"},"sceneLighting":false,"audioPlay":false,"sceneViewState":{"showFog":true,"showMaterialUpdate":false,"showSkybox":true,"showFlares":true,"showImageEffects":true,"showParticleSystems":true},"in2DMode":false,"pivot":{"x":579.7380981445313,"y":453.92138671875,"z":-197.0606689453125},"rotation":{"x":0.006308577489107847,"y":-0.019503258168697358,"z":0.00012309850717429072,"w":0.9997899532318115},"size":1000.6134643554688,"orthographic":false}