{"cameraMode":{"drawMode":0,"name":"Shaded","section":"Shading Mode"},"sceneLighting":false,"audioPlay":false,"sceneViewState":{"showFog":true,"showMaterialUpdate":false,"showSkybox":true,"showFlares":true,"showImageEffects":true,"showParticleSystems":true},"in2DMode":false,"pivot":{"x":5.0252227783203129,"y":0.9230086207389832,"z":0.0},"rotation":{"x":-0.3481898009777069,"y":0.21909652650356294,"z":-0.08405596762895584,"w":-0.9075766205787659},"size":23.837322235107423,"orthographic":true}