{"cameraMode":{"drawMode":0,"name":"Shaded","section":"Shading Mode"},"sceneLighting":false,"audioPlay":false,"sceneViewState":{"showFog":true,"showMaterialUpdate":false,"showSkybox":true,"showFlares":true,"showImageEffects":true,"showParticleSystems":true},"in2DMode":false,"pivot":{"x":-0.44417548179626467,"y":1.1788313388824463,"z":-0.15877282619476319},"rotation":{"x":0.02924301289021969,"y":-0.7799161672592163,"z":0.036538150161504748,"w":0.6241319179534912},"size":2.8099889755249025,"orthographic":false}