{"cameraMode":{"drawMode":0,"name":"Shaded","section":"Shading Mode"},"sceneLighting":true,"audioPlay":false,"sceneViewState":{"showFog":true,"showMaterialUpdate":false,"showSkybox":true,"showFlares":true,"showImageEffects":true,"showParticleSystems":true},"in2DMode":false,"pivot":{"x":20.75,"y":16.510000228881837,"z":31.420000076293947},"rotation":{"x":-0.04123254865407944,"y":0.8949999213218689,"z":-0.4360174536705017,"w":-0.08464015275239945},"size":33.713523864746097,"orthographic":true}